listid,pj_alias,status,pj_github_url,corrected_pj_github_url,correct_url_found,start_date,end_date,Incubation_Period(days),Number of Direct Forks,Merged_Forks,merge-to-fork ratio,Merge_Frequency,Fork_Frequency
1,amaterasu,0,https://github.com/apache/incubator-Amaterasu,https://github.com/apache/incubator-Amaterasu,TRUE,9/7/2017,,,23,12,0.5217391304347830,,
2,annotator,0,https://github.com/apache/incubator-Annotator,https://github.com/apache/incubator-Annotator,TRUE,8/30/2016,,,35,8,0.2285714285714290,,
3,batchee,0,https://github.com/apache/incubator-BatchEE,https://github.com/apache/incubator-BatchEE,TRUE,10/3/2013,,,18,0,0.0,,
4,brpc,0,https://github.com/apache/incubator-BRPC,https://github.com/apache/incubator-BRPC,TRUE,11/13/2018,,,3780,173,0.0457671957671957,,
5,crail,0,https://github.com/apache/incubator-Crail,https://github.com/apache/incubator-Crail,TRUE,11/1/2017,,,47,5,0.1063829787234040,,
6,daffodil,0,https://github.com/apache/incubator-Daffodil,https://github.com/apache/incubator-Daffodil,TRUE,8/27/2017,,,71,34,0.4788732394366200,,
7,datasketches,0,https://github.com/apache/incubator-DataSketches,https://github.com/apache/incubator-DataSketches,TRUE,3/30/2019,,,9,1,0.1111111111111110,,
8,dlab,0,https://github.com/apache/incubator-DLab,https://github.com/apache/incubator-datalab,TRUE,8/20/2018,,,56,15,0.2678571428571430,,
9,dolphinscheduler,0,https://github.com/apache/incubator-DolphinScheduler,https://github.com/apache/incubator-DolphinScheduler,TRUE,8/29/2019,,,4239,381,0.0898796886058032,,
10,doris,0,https://github.com/apache/incubator-Doris,https://github.com/apache/incubator-Doris,TRUE,7/18/2018,,,2818,557,0.1976579134137690,,
11,druid,0,https://github.com/apache/incubator-Druid,https://github.com/apache/incubator-Druid,TRUE,2/28/2018,,,3464,205,0.0591801385681293,,
12,echarts,0,https://github.com/apache/incubator-ECharts,https://github.com/apache/incubator-ECharts,TRUE,1/18/2018,,,18986,197,0.0103760665753713,,
13,edgent,0,https://github.com/apache/incubator-Edgent,https://github.com/apache/incubator-Edgent,TRUE,2/29/2016,,,138,16,0.1159420289855070,,
14,flagon,0,https://github.com/apache/incubator-Flagon,https://github.com/apache/incubator-Flagon,TRUE,7/13/2016,,,12,6,0.5,,
15,gobblin,0,https://github.com/apache/incubator-Gobblin,https://github.com/apache/incubator-Gobblin,TRUE,2/23/2017,,,709,61,0.0860366713681241,,
16,heron,0,https://github.com/apache/incubator-Heron,https://github.com/apache/incubator-Heron,TRUE,6/23/2017,,,597,22,0.0368509212730318,,
17,hivemall,0,https://github.com/apache/incubator-Hivemall,https://github.com/apache/incubator-Hivemall,TRUE,9/13/2016,,,117,3,0.0256410256410256,,
18,hudi,0,https://github.com/apache/incubator-Hudi,https://github.com/apache/incubator-Hudi,TRUE,1/17/2019,,,2083,446,0.214114258281325,,
19,iceberg,0,https://github.com/apache/incubator-Iceberg,https://github.com/apache/incubator-Iceberg,TRUE,11/16/2018,,,1889,426,0.2255161461090520,,
20,iotdb,0,https://github.com/apache/incubator-IoTDB,https://github.com/apache/incubator-IoTDB,TRUE,11/18/2018,,,929,230,0.247578040904198,,
21,livy,0,https://github.com/apache/incubator-Livy,https://github.com/apache/incubator-Livy,TRUE,6/5/2017,,,532,15,0.0281954887218045,,
22,marvin,0,https://github.com/apache/incubator-Marvin-AI,https://github.com/apache/incubator-marvin,TRUE,8/21/2018,,,33,10,0.303030303030303,,
23,milagro,0,https://github.com/apache/incubator-Milagro,https://github.com/apache/incubator-Milagro,TRUE,12/21/2015,,,12,4,0.3333333333333330,,
24,mxnet,0,https://github.com/apache/incubator-MXNet,https://github.com/apache/incubator-MXNet,TRUE,1/23/2017,,,6528,680,0.1041666666666670,,
25,myriad,0,https://github.com/apache/incubator-Myriad,https://github.com/apache/incubator-Myriad,TRUE,3/1/2015,,,69,6,0.0869565217391304,,
26,nemo,0,https://github.com/apache/incubator-Nemo,https://github.com/apache/incubator-Nemo,TRUE,2/4/2018,,,57,31,0.543859649122807,,
27,omid,0,https://github.com/apache/incubator-Omid,https://github.com/apache/incubator-Omid,TRUE,3/28/2016,,,54,10,0.1851851851851850,,
28,pagespeed,0,https://github.com/apache/incubator-PageSpeed,https://github.com/apache/incubator-pagespeed-ngx,TRUE,9/30/2017,,,355,26,0.0732394366197183,,
29,pinot,0,https://github.com/apache/incubator-Pinot,https://github.com/apache/incubator-Pinot,TRUE,10/17/2018,,,1147,283,0.2467306015693110,,
30,ponymail,0,https://github.com/apache/incubator-PonyMail,https://github.com/apache/incubator-PonyMail,TRUE,5/27/2016,,,29,7,0.2413793103448280,,
31,ratis,0,https://github.com/apache/incubator-Ratis,https://github.com/apache/incubator-Ratis,TRUE,1/3/2017,,,386,78,0.2020725388601040,,
32,rya,0,https://github.com/apache/incubator-Rya,https://github.com/apache/incubator-Rya,TRUE,9/18/2015,,,76,11,0.1447368421052630,,
33,s2graph,0,https://github.com/apache/incubator-S2Graph,https://github.com/apache/incubator-S2Graph,TRUE,11/29/2015,,,65,9,0.1384615384615380,,
34,samoa,0,https://github.com/apache/incubator-SAMOA,https://github.com/apache/incubator-SAMOA,TRUE,12/15/2014,,,102,10,0.0980392156862745,,
35,sdap,0,https://github.com/apache/incubator-SDAP,https://github.com/apache/incubator-sdap-nexus,TRUE,10/22/2017,,,33,21,0.6363636363636360,,
36,shardingsphere,0,https://github.com/apache/incubator-ShardingSphere,https://github.com/apache/incubator-ShardingSphere,TRUE,11/10/2018,,,6376,479,0.0751254705144291,,
37,singa,0,https://github.com/apache/incubator-SINGA,https://github.com/apache/incubator-SINGA,TRUE,3/17/2015,,,1078,63,0.0584415584415584,,
38,spot,0,https://github.com/apache/incubator-Spot,https://github.com/apache/incubator-Spot,TRUE,9/23/2016,,,210,31,0.1476190476190480,,
39,superset,0,https://github.com/apache/incubator-Superset,https://github.com/apache/incubator-Superset,TRUE,5/21/2017,,,11681,286,0.0244842051194247,,
40,tamaya,0,https://github.com/apache/incubator-Tamaya,https://github.com/apache/incubator-Tamaya,TRUE,11/14/2014,,,33,3,0.0909090909090909,,
41,taverna,0,https://github.com/apache/incubator-Taverna,https://github.com/apache/incubator-taverna-workbench,TRUE,10/20/2014,,,9,1,0.1111111111111110,,
42,tephra,0,https://github.com/apache/incubator-Tephra,https://github.com/apache/incubator-Tephra,TRUE,3/7/2016,,,51,1,0.0196078431372549,,
43,toree,0,https://github.com/apache/incubator-Toree,https://github.com/apache/incubator-Toree,TRUE,12/2/2015,,,220,19,0.0863636363636363,,
44,training,0,https://github.com/apache/incubator-Training,https://github.com/apache/incubator-Training,TRUE,2/21/2019,,,28,14,0.5,,
45,tuweni,0,https://github.com/apache/incubator-Tuweni,https://github.com/apache/incubator-Tuweni,TRUE,3/25/2019,,,71,4,0.056338028169014,,
46,tvm,0,https://github.com/apache/incubator-TVM,https://github.com/apache/incubator-TVM,TRUE,3/6/2019,,,3128,74,0.0236572890025575,,
47,warble,0,https://github.com/apache/incubator-Warble,https://github.com/apache/incubator-warble-server,TRUE,6/11/2018,,,1,0,0.0,,
48,weex,0,https://github.com/apache/incubator-Weex,https://github.com/apache/incubator-Weex,TRUE,11/30/2016,,,1794,119,0.0663322185061315,,
49,abdera,1,https://github.com/apache/Abdera,https://github.com/apache/Abdera,TRUE,6/6/2006,11/8/2008,886.0,0,0,0.0,0.0,0.0
50,accumulo,1,https://github.com/apache/Accumulo,https://github.com/apache/Accumulo,TRUE,9/12/2011,3/21/2012,191.0,5,0,0.0,0.0,0.02617801047120420
51,ace,1,https://github.com/apache/ACE,https://github.com/apache/ACE,TRUE,4/24/2009,12/21/2011,971.0,0,0,0.0,0.0,0.0
52,activemq,1,https://github.com/apache/ActiveMQ,https://github.com/apache/ActiveMQ,TRUE,12/1/2005,2/6/2007,432.0,0,0,0.0,0.0,0.0
53,airavata,1,https://github.com/apache/Airavata,https://github.com/apache/Airavata,TRUE,5/5/2011,9/19/2012,503.0,0,0,0.0,0.0,0.0
54,airflow,1,https://github.com/apache/Airflow,https://github.com/apache/Airflow,TRUE,3/31/2016,12/19/2018,993.0,2907,0,0.0,0.0,2.9274924471299100
55,allura,1,https://github.com/apache/Allura,https://github.com/apache/Allura,TRUE,6/25/2012,3/19/2014,632.0,0,0,0.0,0.0,0.0
56,ambari,1,https://github.com/apache/Ambari,https://github.com/apache/Ambari,TRUE,8/30/2011,11/20/2013,813.0,31,0,0.0,0.0,0.038130381303813000
57,oltu,1,https://github.com/apache/Amber,https://github.com/amberframework/amber,TRUE,5/9/2010,1/16/2013,983.0,0,0,0.0,0.0,0.0
58,any23,1,https://github.com/apache/Any23,https://github.com/apache/Any23,TRUE,10/1/2011,8/28/2012,332.0,1,0,0.0,0.0,0.0030120481927710800
59,apex,1,https://github.com/apache/Apex,https://github.com/apache/apex-core,TRUE,8/17/2015,4/20/2016,247.0,54,22,0.4074074074074070,0.08906882591093120,0.21862348178137700
60,apollo,1,https://github.com/apache/Apollo,https://github.com/apache/activemq-apollo,TRUE,11/8/2004,6/3/2005,207.0,0,0,0.0,0.0,0.0
61,aries,1,https://github.com/apache/Aries,https://github.com/apache/Aries,TRUE,9/22/2009,12/15/2010,449.0,2,0,0.0,0.0,0.004454342984409800
62,asterixdb,1,https://github.com/apache/AsterixDB,https://github.com/apache/AsterixDB,TRUE,2/28/2015,4/20/2016,417.0,21,0,0.0,0.0,0.050359712230215800
63,atlas,1,https://github.com/apache/Atlas,https://github.com/apache/Atlas,TRUE,5/5/2015,6/21/2017,778.0,0,0,0.0,0.0,0.0
64,aurora,1,https://github.com/apache/Aurora,https://github.com/apache/Aurora,TRUE,10/1/2013,3/18/2015,533.0,57,2,0.0350877192982456,0.00375234521575985,0.10694183864915600
65,beam,1,https://github.com/apache/Beam,https://github.com/apache/Beam,TRUE,2/1/2016,12/21/2016,324.0,238,0,0.0,0.0,0.7345679012345680
66,bval,1,https://github.com/apache/bval,https://github.com/apache/bval,TRUE,3/1/2010,2/15/2012,716.0,0,0,0.0,0.0,0.0
67,beehive,1,https://github.com/apache/Beehive,https://github.com/apache/hive,TRUE,5/21/2004,7/18/2005,423.0,0,0,0.0,0.0,0.0
68,bigtop,1,https://github.com/apache/Bigtop,https://github.com/apache/Bigtop,TRUE,6/20/2011,9/19/2012,457.0,9,0,0.0,0.0,0.019693654266958400
69,bloodhound,1,https://github.com/apache/Bloodhound,https://github.com/apache/Bloodhound,TRUE,12/23/2011,3/20/2013,453.0,0,0,0.0,0.0,0.0
70,brooklyn,1,https://github.com/apache/Brooklyn,https://github.com/apache/Brooklyn,TRUE,5/1/2014,11/18/2015,566.0,0,0,0.0,0.0,0.0
71,buildr,1,https://github.com/apache/Buildr,https://github.com/apache/Buildr,TRUE,11/1/2007,2/23/2009,480.0,0,0,0.0,0.0,0.0
72,calcite,1,https://github.com/apache/Calcite,https://github.com/apache/Calcite,TRUE,5/19/2014,10/22/2015,521.0,72,3,0.0416666666666666,0.005758157389635320,0.1381957773512480
73,carbondata,1,https://github.com/apache/CarbonData,https://github.com/apache/CarbonData,TRUE,6/2/2016,4/19/2017,321.0,199,0,0.0,0.0,0.6199376947040500
74,cassandra,1,https://github.com/apache/Cassandra,https://github.com/apache/Cassandra,TRUE,1/1/2009,2/17/2010,412.0,1,0,0.0,0.0,0.0024271844660194200
75,cayenne,1,https://github.com/apache/Cayenne,https://github.com/apache/Cayenne,TRUE,3/9/2006,12/20/2006,286.0,0,0,0.0,0.0,0.0
76,celix,1,https://github.com/apache/Celix,https://github.com/apache/Celix,TRUE,11/2/2010,7/16/2014,1352.0,0,0,0.0,0.0,0.0
77,chemistry,1,https://github.com/apache/Chemistry,https://github.com/apache/Chemistry,TRUE,4/30/2009,2/16/2010,292.0,0,0,0.0,0.0,0.0
78,chukwa,1,https://github.com/apache/Chukwa,https://github.com/apache/Chukwa,TRUE,7/14/2010,9/27/2013,1171.0,6,0,0.0,0.0,0.005123825789923140
79,clerezza,1,https://github.com/apache/Clerezza,https://github.com/apache/Clerezza,TRUE,11/27/2009,2/20/2013,1181.0,2,0,0.0,0.0,0.001693480101608810
80,click,1,https://github.com/apache/Click,https://github.com/apache/Click,TRUE,7/21/2008,11/18/2009,485.0,0,0,0.0,0.0,0.0
81,cloudstack,1,https://github.com/apache/CloudStack,https://github.com/apache/CloudStack,TRUE,4/16/2012,3/20/2013,338.0,0,0,0.0,0.0,0.0
82,commonsrdf,1,https://github.com/apache/CommonsRDF,https://github.com/apache/commons-rdf,TRUE,3/6/2015,11/28/2016,633.0,10,3,0.3,0.004739336492891000,0.01579778830963670
83,cordova,1,https://github.com/apache/Cordova,https://github.com/apache/Cordova,TRUE,10/15/2011,10/17/2012,368.0,0,0,0.0,0.0,0.0
84,couchdb,1,https://github.com/apache/CouchDB,https://github.com/apache/CouchDB,TRUE,2/12/2008,11/19/2008,281.0,0,0,0.0,0.0,0.0
85,crunch,1,https://github.com/apache/Crunch,https://github.com/apache/Crunch,TRUE,5/26/2012,2/20/2013,270.0,0,0,0.0,0.0,0.0
87,curator,1,https://github.com/apache/Curator,https://github.com/apache/Curator,TRUE,3/11/2013,9/1/2013,174.0,0,0,0.0,0.0,0.0
88,cxf,1,https://github.com/apache/CXF,https://github.com/apache/CXF,TRUE,8/15/2006,4/16/2008,610.0,0,0,0.0,0.0,0.0
89,datafu,1,https://github.com/apache/DataFu,https://github.com/apache/DataFu,TRUE,1/5/2014,2/21/2018,1508.0,46,0,0.0,0.0,0.03050397877984090
90,deltacloud,1,https://github.com/apache/Deltacloud,https://github.com/apache/Deltacloud,TRUE,5/19/2010,10/26/2011,525.0,3,0,0.0,0.0,0.005714285714285710
91,deltaspike,1,https://github.com/apache/DeltaSpike,https://github.com/apache/DeltaSpike,TRUE,12/7/2011,5/28/2013,538.0,0,0,0.0,0.0,0.0
92,derby,1,https://github.com/apache/Derby,https://github.com/apache/Derby,TRUE,8/15/2004,7/18/2005,337.0,0,0,0.0,0.0,0.0
93,devicemap,1,https://github.com/apache/DeviceMap,https://github.com/apache/devicemap-browsermap,TRUE,1/3/2012,11/19/2014,1051.0,0,0,0.0,0.0,0.0
94,directmemory,1,https://github.com/apache/DirectMemory,https://github.com/apache/DirectMemory,TRUE,10/5/2011,8/15/2012,315.0,4,0,0.0,0.0,0.012698412698412700
95,directory,1,https://github.com/apache/Directory,https://github.com/apache/directory-project,TRUE,10/23/2003,2/23/2005,489.0,0,0,0.0,0.0,0.0
96,distributedlog,1,https://github.com/apache/DistributedLog,https://github.com/apache/DistributedLog,TRUE,6/24/2016,7/1/2017,372.0,27,0,0.0,0.0,0.07258064516129030
97,drill,1,https://github.com/apache/Drill,https://github.com/apache/Drill,TRUE,8/11/2012,11/19/2014,830.0,122,3,0.0245901639344262,0.0036144578313253000,0.14698795180722900
98,dubbo,1,https://github.com/apache/Dubbo,https://github.com/apache/Dubbo,TRUE,2/16/2018,5/15/2019,453.0,12933,0,0.0,0.0,28.549668874172200
99,eagle,1,https://github.com/apache/Eagle,https://github.com/apache/Eagle,TRUE,10/26/2015,12/21/2016,422.0,73,1,0.0136986301369863,0.002369668246445500,0.17298578199052100
100,easyant,1,https://github.com/apache/EasyAnt,https://github.com/apache/ant-easyant-core,TRUE,1/31/2011,3/12/2013,771.0,0,0,0.0,0.0,0.0
101,empire,1,https://github.com/apache/Empire-db,https://github.com/apache/Empire-db,TRUE,7/8/2008,1/24/2012,1295.0,1,0,0.0,0.0,0.0007722007722007720
102,esme,1,https://github.com/apache/ESME,https://github.com/apache/ESME,TRUE,12/2/2008,12/15/2010,743.0,2,0,0.0,0.0,0.0026917900403768500
103,etch,1,https://github.com/apache/Etch,https://github.com/apache/Etch,TRUE,9/2/2008,1/16/2013,1597.0,1,0,0.0,0.0,0.0006261740763932370
104,falcon,1,https://github.com/apache/Falcon,https://github.com/apache/Falcon,TRUE,3/27/2013,12/17/2014,630.0,21,0,0.0,0.0,0.03333333333333330
105,felix,1,https://github.com/apache/Felix,https://github.com/apache/Felix,TRUE,7/19/2005,4/1/2007,621.0,0,0,0.0,0.0,0.0
106,fineract,1,https://github.com/apache/Fineract,https://github.com/apache/Fineract,TRUE,12/15/2015,4/19/2017,491.0,121,22,0.1818181818181820,0.04480651731160900,0.24643584521384900
107,flex,1,https://github.com/apache/Flex,https://github.com/apache/flex-sdk,TRUE,12/30/2011,12/19/2012,355.0,2,0,0.0,0.0,0.005633802816901410
108,flink,1,https://github.com/apache/Flink,https://github.com/apache/Flink,TRUE,4/14/2014,12/17/2014,247.0,60,5,0.0833333333333333,0.020242914979757100,0.242914979757085
109,flume,1,https://github.com/apache/Flume,https://github.com/apache/Flume,TRUE,6/13/2011,6/20/2012,373.0,15,0,0.0,0.0,0.040214477211796200
110,fluo,1,https://github.com/apache/Fluo,https://github.com/apache/Fluo,TRUE,5/17/2016,7/19/2017,428.0,9,7,0.7777777777777780,0.016355140186915900,0.02102803738317760
111,freemarker,1,https://github.com/apache/FreeMarker,https://github.com/apache/FreeMarker,TRUE,7/1/2015,3/21/2018,994.0,68,6,0.088235294117647,0.006036217303822940,0.06841046277666000
112,ftpserver,1,https://github.com/apache/FtpServer,https://github.com/apache/FtpServer,TRUE,3/29/2003,12/18/2007,1725.0,0,0,0.0,0.0,0.0
113,geode,1,https://github.com/apache/Geode,https://github.com/apache/Geode,TRUE,4/27/2015,11/16/2016,569.0,190,12,0.0631578947368421,0.0210896309314587,0.3339191564147630
114,geronimo,1,https://github.com/apache/Geronimo,https://github.com/apache/Geronimo,TRUE,8/6/2003,5/26/2004,294.0,0,0,0.0,0.0,0.0
115,giraph,1,https://github.com/apache/Giraph,https://github.com/apache/Giraph,TRUE,8/1/2011,5/16/2012,289.0,10,0,0.0,0.0,0.03460207612456750
116,gora,1,https://github.com/apache/Gora,https://github.com/apache/Gora,TRUE,9/26/2010,1/15/2012,476.0,0,0,0.0,0.0,0.0
117,griffin,1,https://github.com/apache/Griffin,https://github.com/apache/Griffin,TRUE,12/5/2016,11/21/2018,716.0,122,0,0.0,0.0,0.17039106145251400
118,groovy,1,https://github.com/apache/Groovy,https://github.com/apache/Groovy,TRUE,3/17/2015,11/18/2015,246.0,140,2,0.0142857142857142,0.008130081300813010,0.5691056910569110
119,guacamole,1,https://github.com/apache/Guacamole,https://github.com/apache/guacamole-server,TRUE,2/10/2016,11/15/2017,644.0,84,8,0.0952380952380952,0.012422360248447200,0.13043478260869600
120,hama,1,https://github.com/apache/Hama,https://github.com/apache/Hama,TRUE,5/20/2008,5/16/2012,1457.0,1,0,0.0,0.0,0.0006863417982155110
121,harmony,1,https://github.com/apache/Harmony,https://github.com/apache/Harmony,TRUE,5/18/2005,10/29/2006,529.0,0,0,0.0,0.0,0.0
122,hawq,1,https://github.com/apache/HAWQ,https://github.com/apache/HAWQ,TRUE,9/4/2015,8/15/2018,1076.0,190,34,0.1789473684210530,0.031598513011152400,0.17657992565055800
123,hcatalog,1,https://github.com/apache/HCatalog,https://github.com/apache/HCatalog,TRUE,3/14/2011,2/13/2013,702.0,12,0,0.0,0.0,0.017094017094017100
124,helix,1,https://github.com/apache/Helix,https://github.com/apache/Helix,TRUE,10/14/2012,12/18/2013,430.0,0,0,0.0,0.0,0.0
125,hermes,1,https://github.com/apache/Hermes,https://github.com/allegro/hermes,TRUE,11/8/2004,6/3/2005,207.0,0,0,0.0,0.0,0.0
126,httpd-cli,1,https://github.com/apache/httpd-CLI,https://github.com/apache/httpd,TRUE,7/15/2004,12/16/2004,154.0,0,0,0.0,0.0,0.0
127,ibatis,1,https://github.com/apache/iBATIS,https://github.com/mybatis/mybatis-3,TRUE,8/16/2004,4/27/2005,254.0,0,0,0.0,0.0,0.0
128,ignite,1,https://github.com/apache/Ignite,https://github.com/apache/Ignite,TRUE,10/1/2014,9/18/2015,352.0,54,0,0.0,0.0,0.1534090909090910
129,impala,1,https://github.com/apache/Impala,https://github.com/apache/Impala,TRUE,12/3/2015,11/15/2017,713.0,50,0,0.0,0.0,0.07012622720897620
130,isis,1,https://github.com/apache/Isis,https://github.com/apache/Isis,TRUE,9/7/2010,10/17/2012,771.0,0,0,0.0,0.0,0.0
131,ivy,1,https://github.com/apache/Ivy,https://github.com/apache/ant-ivy,TRUE,10/23/2006,10/11/2007,353.0,0,0,0.0,0.0,0.0
132,jackrabbit,1,https://github.com/apache/Jackrabbit,https://github.com/apache/Jackrabbit,TRUE,8/28/2004,3/15/2006,564.0,0,0,0.0,0.0,0.0
134,jclouds,1,https://github.com/apache/jclouds,https://github.com/apache/jclouds,TRUE,4/29/2013,10/16/2013,170.0,0,0,0.0,0.0,0.0
135,jdo,1,https://github.com/apache/JDO,https://github.com/apache/db-jdo,TRUE,5/18/2005,12/9/2005,205.0,0,0,0.0,0.0,0.0
136,jena,1,https://github.com/apache/Jena,https://github.com/apache/Jena,TRUE,11/23/2010,4/18/2012,512.0,0,0,0.0,0.0,0.0
137,johnzon,1,https://github.com/apache/Johnzon,https://github.com/apache/Johnzon,TRUE,6/9/2014,4/20/2016,681.0,8,0,0.0,0.0,0.011747430249632900
138,joshua,1,https://github.com/apache/Joshua,https://github.com/apache/Joshua,TRUE,2/13/2016,10/17/2018,977.0,45,12,0.2666666666666670,0.012282497441146400,0.04605936540429890
139,jspwiki,1,https://github.com/apache/JSPWiki,https://github.com/apache/JSPWiki,TRUE,9/17/2007,7/19/2013,2132.0,3,0,0.0,0.0,0.0014071294559099400
140,juddi,1,https://github.com/apache/jUDDI,https://github.com/apache/jUDDI,TRUE,9/15/2003,3/17/2004,184.0,0,0,0.0,0.0,0.0
141,juneau,1,https://github.com/apache/Juneau,https://github.com/apache/Juneau,TRUE,6/24/2016,10/18/2017,481.0,7,0,0.0,0.0,0.014553014553014600
142,kafka,1,https://github.com/apache/Kafka,https://github.com/apache/Kafka,TRUE,7/4/2011,10/23/2012,477.0,32,0,0.0,0.0,0.06708595387840670
143,knox,1,https://github.com/apache/Knox,https://github.com/apache/Knox,TRUE,2/22/2013,2/19/2014,362.0,0,0,0.0,0.0,0.0
144,kudu,1,https://github.com/apache/Kudu,https://github.com/apache/Kudu,TRUE,12/3/2015,7/20/2016,230.0,23,0,0.0,0.0,0.1
145,kylin,1,https://github.com/apache/Kylin,https://github.com/apache/Kylin,TRUE,11/25/2014,11/18/2015,358.0,61,0,0.0,0.0,0.17039106145251400
146,lens,1,https://github.com/apache/Lens,https://github.com/apache/Lens,TRUE,10/10/2014,8/19/2015,313.0,23,0,0.0,0.0,0.07348242811501600
147,lenya,1,https://github.com/apache/Lenya,https://github.com/apache/Lenya,TRUE,3/15/2003,8/18/2004,522.0,0,0,0.0,0.0,0.0
148,libcloud,1,https://github.com/apache/Libcloud,https://github.com/apache/Libcloud,TRUE,11/1/2009,5/19/2011,564.0,20,0,0.0,0.0,0.03546099290780140
149,log4cxx,1,https://github.com/apache/log4cxx,https://github.com/apache/log4cxx,TRUE,1/31/2004,1/11/2005,346.0,0,0,0.0,0.0,0.0
151,log4net,1,https://github.com/apache/log4net,https://github.com/apache/logging-log4net,TRUE,1/15/2004,2/21/2007,1133.0,0,0,0.0,0.0,0.0
152,log4php,1,https://github.com/apache/Log4php,https://github.com/apache/logging-log4php,TRUE,1/31/2004,3/7/2010,2227.0,0,0,0.0,0.0,0.0
153,lucenenet,1,https://github.com/apache/Lucene.NET,https://github.com/apache/Lucene.NET,TRUE,2/5/2011,8/15/2012,557.0,8,0,0.0,0.0,0.01436265709156190
154,lucy,1,https://github.com/apache/Lucy,https://github.com/apache/Lucy,TRUE,7/22/2010,2/22/2012,580.0,0,0,0.0,0.0,0.0
155,madlib,1,https://github.com/apache/MADlib,https://github.com/apache/MADlib,TRUE,9/15/2015,7/19/2017,673.0,55,5,0.0909090909090909,0.007429420505200590,0.08172362555720650
156,manifoldcf,1,https://github.com/apache/ManifoldCF,https://github.com/apache/ManifoldCF,TRUE,1/10/2010,5/16/2012,857.0,0,0,0.0,0.0,0.0
157,marmotta,1,https://github.com/apache/Marmotta,https://github.com/apache/Marmotta,TRUE,12/3/2012,11/20/2013,352.0,0,0,0.0,0.0,0.0
159,mesos,1,https://github.com/apache/Mesos,https://github.com/apache/Mesos,TRUE,12/23/2010,6/19/2013,909.0,0,0,0.0,0.0,0.0
160,metamodel,1,https://github.com/apache/MetaModel,https://github.com/apache/MetaModel,TRUE,6/12/2013,11/20/2014,526.0,4,1,0.25,0.0019011406844106500,0.0076045627376425900
161,metron,1,https://github.com/apache/Metron,https://github.com/apache/Metron,TRUE,12/6/2015,4/19/2017,500.0,156,4,0.0256410256410256,0.008,0.312
162,mnemonic,1,https://github.com/apache/Mnemonic,https://github.com/apache/Mnemonic,TRUE,3/3/2016,11/15/2017,622.0,32,9,0.28125,0.014469453376205800,0.05144694533762060
163,mod_ftp,1,https://github.com/apache/mod_ftp,https://github.com/OutOfOrder/mod_ftpd,TRUE,8/6/2005,2/21/2007,564.0,0,0,0.0,0.0,0.0
164,mrunit,1,https://github.com/apache/MRUnit,https://github.com/apache/MRUnit,TRUE,3/8/2011,5/16/2012,435.0,0,0,0.0,0.0,0.0
166,myfaces,1,https://github.com/apache/MyFaces,https://github.com/apache/MyFaces,TRUE,7/16/2004,3/9/2005,236.0,0,0,0.0,0.0,0.0
167,mynewt,1,https://github.com/apache/Mynewt,https://github.com/apache/mynewt-core,TRUE,10/20/2015,6/21/2017,610.0,78,0,0.0,0.0,0.12786885245901600
168,netbeans,1,https://github.com/apache/NetBeans,https://github.com/apache/NetBeans,TRUE,10/1/2016,4/17/2019,928.0,216,46,0.2129629629629630,0.04956896551724140,0.23275862068965500
169,nifi,1,https://github.com/apache/NiFi,https://github.com/apache/NiFi,TRUE,11/24/2014,7/15/2015,233.0,35,11,0.3142857142857140,0.04721030042918460,0.15021459227467800
170,nutch,1,https://github.com/apache/Nutch,https://github.com/apache/Nutch,TRUE,1/15/2005,6/1/2005,137.0,0,0,0.0,0.0,0.0
171,nuvem,1,https://github.com/apache/Nuvem,https://github.com/apache/Nuvem,TRUE,6/24/2010,11/29/2012,889.0,0,0,0.0,0.0,0.0
172,ode,1,https://github.com/apache/Ode,https://github.com/apache/Ode,TRUE,2/17/2006,7/18/2007,516.0,0,0,0.0,0.0,0.0
173,ofbiz,1,https://github.com/apache/OFBiz,https://github.com/apache/OFBiz,TRUE,1/31/2006,12/20/2006,323.0,0,0,0.0,0.0,0.0
174,ognl,1,https://github.com/apache/OGNL,https://github.com/apache/commons-ognl,TRUE,4/26/2011,8/30/2011,126.0,0,0,0.0,0.0,0.0
175,olingo,1,https://github.com/apache/Olingo,https://github.com/apache/olingo-odata4,TRUE,7/8/2013,3/19/2014,254.0,0,0,0.0,0.0,0.0
176,onami,1,https://github.com/apache/Onami,https://github.com/apache/Onami,TRUE,11/14/2012,4/17/2013,154.0,0,0,0.0,0.0,0.0
177,oodt,1,https://github.com/apache/OODT,https://github.com/apache/OODT,TRUE,1/21/2010,11/17/2010,300.0,0,0,0.0,0.0,0.0
178,oozie,1,https://github.com/apache/Oozie,https://github.com/apache/Oozie,TRUE,7/11/2011,8/28/2012,414.0,11,0,0.0,0.0,0.026570048309178700
179,climate,1,https://github.com/apache/climate,https://github.com/apache/climate,TRUE,2/15/2013,2/19/2014,369.0,0,0,0.0,0.0,0.0
180,openejb,1,https://github.com/apache/OpenEJB,https://github.com/apache/OpenEJB,TRUE,7/5/2006,5/16/2007,315.0,0,0,0.0,0.0,0.0
181,openjpa,1,https://github.com/apache/OpenJPA,https://github.com/apache/OpenJPA,TRUE,4/10/2006,5/16/2007,401.0,0,0,0.0,0.0,0.0
182,openmeetings,1,https://github.com/apache/Openmeetings,https://github.com/apache/Openmeetings,TRUE,11/12/2011,1/18/2013,433.0,0,0,0.0,0.0,0.0
183,opennlp,1,https://github.com/apache/OpenNLP,https://github.com/apache/OpenNLP,TRUE,11/23/2010,2/15/2012,449.0,2,0,0.0,0.0,0.004454342984409800
184,openoffice,1,https://github.com/apache/OpenOffice.org,https://github.com/apache/openoffice,TRUE,6/13/2011,10/17/2012,492.0,0,0,0.0,0.0,0.0
185,openwebbeans,1,https://github.com/apache/OpenWebBeans,https://github.com/apache/OpenWebBeans,TRUE,10/26/2008,12/17/2009,417.0,0,0,0.0,0.0,0.0
186,openwhisk,1,https://github.com/apache/OpenWhisk,https://github.com/apache/OpenWhisk,TRUE,11/23/2016,7/17/2019,966.0,673,117,0.1738484398216940,0.12111801242236000,0.6966873706004140
187,parquet,1,https://github.com/apache/Parquet,https://github.com/apache/parquet-mr,TRUE,5/20/2014,4/22/2015,337.0,82,0,0.0,0.0,0.2433234421364990
188,pdfbox,1,https://github.com/apache/PDFBox,https://github.com/apache/PDFBox,TRUE,2/7/2008,10/21/2009,622.0,0,0,0.0,0.0,0.0
189,phoenix,1,https://github.com/apache/Phoenix,https://github.com/apache/Phoenix,TRUE,12/11/2013,5/21/2014,161.0,0,0,0.0,0.0,0.0
190,pig,1,https://github.com/apache/Pig,https://github.com/apache/Pig,TRUE,10/2/2007,10/22/2008,386.0,0,0,0.0,0.0,0.0
191,pivot,1,https://github.com/apache/Pivot,https://github.com/apache/Pivot,TRUE,1/26/2009,12/16/2009,324.0,0,0,0.0,0.0,0.0
192,plc4x,1,https://github.com/apache/PLC4X,https://github.com/apache/PLC4X,TRUE,12/18/2017,4/17/2019,485.0,22,11,0.5,0.02268041237113400,0.04536082474226800
193,pluto,1,https://github.com/apache/Pluto,https://github.com/apache/Pluto,TRUE,9/30/2003,5/15/2004,228.0,0,0,0.0,0.0,0.0
194,predictionio,1,https://github.com/apache/PredictionIO,https://github.com/apache/PredictionIO,TRUE,5/26/2016,10/18/2017,510.0,1399,66,0.0471765546819156,0.12941176470588200,2.743137254901960
195,pulsar,1,https://github.com/apache/Pulsar,https://github.com/apache/Pulsar,TRUE,6/1/2017,9/19/2018,475.0,349,43,0.1232091690544410,0.09052631578947370,0.7347368421052630
196,qpid,1,https://github.com/apache/Qpid,https://github.com/apache/Qpid,TRUE,8/27/2006,12/18/2008,844.0,0,0,0.0,0.0,0.0
197,ranger,1,https://github.com/apache/Ranger,https://github.com/apache/Ranger,TRUE,7/24/2014,1/18/2017,909.0,80,0,0.0,0.0,0.08800880088008800
198,rat,1,https://github.com/apache/RAT,https://github.com/apache/creadur-rat,TRUE,1/6/2008,4/18/2012,1564.0,0,0,0.0,0.0,0.0
199,rave,1,https://github.com/apache/Rave,https://github.com/apache/Rave,TRUE,3/1/2011,3/21/2012,386.0,0,0,0.0,0.0,0.0
200,reef,1,https://github.com/apache/REEF,https://github.com/apache/REEF,TRUE,8/12/2014,11/18/2015,463.0,25,1,0.04,0.0021598272138228900,0.05399568034557240
201,river,1,https://github.com/apache/River,https://github.com/apache/river-container,TRUE,12/26/2006,1/19/2011,1485.0,0,0,0.0,0.0,0.0
202,rocketmq,1,https://github.com/apache/RocketMQ,https://github.com/apache/RocketMQ,TRUE,11/21/2016,9/20/2017,303.0,723,0,0.0,0.0,2.386138613861390
203,roller,1,https://github.com/apache/Roller,https://github.com/apache/Roller,TRUE,6/20/2005,2/21/2007,611.0,0,0,0.0,0.0,0.0
204,samza,1,https://github.com/apache/Samza,https://github.com/apache/Samza,TRUE,7/30/2013,1/21/2015,540.0,0,0,0.0,0.0,0.0
205,sanselan,1,https://github.com/apache/Sanselan,https://github.com/apache/Sanselan,TRUE,9/9/2007,6/30/2009,660.0,0,0,0.0,0.0,0.0
206,sentry,1,https://github.com/apache/Sentry,https://github.com/apache/Sentry,TRUE,8/8/2013,3/16/2016,951.0,0,0,0.0,0.0,0.0
207,servicecomb,1,https://github.com/apache/ServiceComb,https://github.com/apache/servicecomb-java-chassis,TRUE,11/22/2017,10/17/2018,329.0,286,0,0.0,0.0,0.8693009118541030
208,servicemix,1,https://github.com/apache/ServiceMix,https://github.com/apache/ServiceMix,TRUE,12/1/2005,9/19/2007,657.0,0,0,0.0,0.0,0.0
209,shindig,1,https://github.com/apache/Shindig,https://github.com/apache/Shindig,TRUE,12/3/2007,1/21/2010,780.0,0,0,0.0,0.0,0.0
210,shiro,1,https://github.com/apache/Shiro,https://github.com/apache/Shiro,TRUE,5/20/2008,9/22/2010,855.0,1,0,0.0,0.0,0.0011695906432748500
211,sis,1,https://github.com/apache/SIS,https://github.com/apache/SIS,TRUE,2/21/2010,9/19/2012,941.0,0,0,0.0,0.0,0.0
212,skywalking,1,https://github.com/apache/SkyWalking,https://github.com/apache/SkyWalking,TRUE,12/8/2017,4/17/2019,495.0,1738,10,0.0057537399309551,0.020202020202020200,3.511111111111110
213,sling,1,https://github.com/apache/Sling,https://github.com/apache/Sling,TRUE,9/9/2007,6/17/2009,647.0,0,0,0.0,0.0,0.0
214,solr,1,https://github.com/apache/Solr,https://github.com/apache/Solr,TRUE,1/17/2006,1/17/2007,365.0,0,0,0.0,0.0,0.0
215,spamassassin,1,https://github.com/apache/SpamAssassin,https://github.com/apache/SpamAssassin,TRUE,12/20/2003,6/23/2004,186.0,0,0,0.0,0.0,0.0
216,spark,1,https://github.com/apache/Spark,https://github.com/apache/Spark,TRUE,6/19/2013,2/19/2014,245.0,0,0,0.0,0.0,0.0
217,sqoop,1,https://github.com/apache/Sqoop,https://github.com/apache/Sqoop,TRUE,6/13/2011,3/21/2012,282.0,3,0,0.0,0.0,0.010638297872340400
218,stanbol,1,https://github.com/apache/Stanbol,https://github.com/apache/Stanbol,TRUE,11/15/2010,9/19/2012,674.0,4,0,0.0,0.0,0.005934718100890210
219,stdcxx,1,https://github.com/apache/stdcxx,https://github.com/apache/stdcxx,TRUE,5/19/2005,11/14/2007,909.0,0,0,0.0,0.0,0.0
220,storm,1,https://github.com/apache/Storm,https://github.com/apache/Storm,TRUE,9/18/2013,9/17/2014,364.0,378,0,0.0,0.0,1.0384615384615400
221,stratos,1,https://github.com/apache/Stratos,https://github.com/apache/Stratos,TRUE,6/20/2013,5/21/2014,335.0,0,0,0.0,0.0,0.0
222,streams,1,https://github.com/apache/Streams,https://github.com/apache/Streams,TRUE,11/20/2012,7/19/2017,1702.0,16,2,0.125,0.0011750881316098700,0.009400705052878970
223,subversion,1,https://github.com/apache/Subversion,https://github.com/apache/Subversion,TRUE,11/7/2009,2/17/2010,102.0,0,0,0.0,0.0,0.0
224,synapse,1,https://github.com/apache/Synapse,https://github.com/apache/Synapse,TRUE,8/22/2005,1/2/2007,498.0,0,0,0.0,0.0,0.0
225,syncope,1,https://github.com/apache/Syncope,https://github.com/apache/Syncope,TRUE,2/10/2012,11/21/2012,285.0,0,0,0.0,0.0,0.0
226,systemml,1,https://github.com/apache/SystemML,https://github.com/apache/SystemML,TRUE,11/2/2015,5/18/2017,563.0,142,4,0.028169014084507,0.007104795737122560,0.2522202486678510
227,tajo,1,https://github.com/apache/Tajo,https://github.com/apache/Tajo,TRUE,3/7/2013,4/1/2014,390.0,7,0,0.0,0.0,0.017948717948717900
228,tapestry,1,https://github.com/apache/Tapestry,https://github.com/apache/tapestry-5,TRUE,4/1/2003,5/29/2003,58.0,0,0,0.0,0.0,0.0
229,tez,1,https://github.com/apache/Tez,https://github.com/apache/Tez,TRUE,2/24/2013,7/16/2014,507.0,6,0,0.0,0.0,0.011834319526627200
230,thrift,1,https://github.com/apache/Thrift,https://github.com/apache/Thrift,TRUE,4/18/2008,10/20/2010,915.0,9,0,0.0,0.0,0.009836065573770490
231,tika,1,https://github.com/apache/Tika,https://github.com/apache/Tika,TRUE,3/22/2007,10/28/2008,586.0,0,0,0.0,0.0,0.0
232,tinkerpop,1,https://github.com/apache/TinkerPop,https://github.com/apache/TinkerPop,TRUE,1/16/2015,5/23/2016,493.0,77,19,0.2467532467532470,0.038539553752535500,0.15618661257606500
233,tobago,1,https://github.com/apache/Tobago,https://github.com/apache/myfaces-tobago,TRUE,10/27/2005,3/23/2006,147.0,0,0,0.0,0.0,0.0
234,trafficcontrol,1,https://github.com/apache/TrafficControl,https://github.com/apache/TrafficControl,TRUE,7/12/2016,5/16/2018,673.0,77,36,0.4675324675324680,0.05349182763744430,0.11441307578008900
235,trafficserver,1,https://github.com/apache/TrafficServer,https://github.com/apache/TrafficServer,TRUE,7/13/2009,4/21/2010,282.0,0,0,0.0,0.0,0.0
236,trafodion,1,https://github.com/apache/Trafodion,https://github.com/apache/Trafodion,TRUE,5/24/2015,12/20/2017,941.0,90,42,0.4666666666666670,0.044633368756641900,0.09564293304994690
237,trinidad,1,https://github.com/apache/Trinidad,https://github.com/apache/myfaces-trinidad,TRUE,3/8/2006,4/22/2007,410.0,0,0,0.0,0.0,0.0
238,tuscany,1,https://github.com/apache/Tuscany,https://github.com/apache/tuscany-sdo,TRUE,12/7/2005,5/21/2008,896.0,0,0,0.0,0.0,0.0
239,twill,1,https://github.com/apache/Twill,https://github.com/apache/Twill,TRUE,11/14/2013,6/15/2016,944.0,0,0,0.0,0.0,0.0
240,uima,1,https://github.com/apache/UIMA,https://github.com/apache/uima-uimaj,TRUE,10/23/2006,3/18/2010,1242.0,0,0,0.0,0.0,0.0
241,unomi,1,https://github.com/apache/Unomi,https://github.com/apache/Unomi,TRUE,10/5/2015,2/20/2019,1234.0,20,0,0.0,0.0,0.01620745542949760
242,usergrid,1,https://github.com/apache/Usergrid,https://github.com/apache/Usergrid,TRUE,10/3/2013,8/19/2015,685.0,114,17,0.1491228070175440,0.024817518248175200,0.16642335766423400
243,vcl,1,https://github.com/apache/VCL,https://github.com/apache/VCL,TRUE,10/6/2008,6/20/2012,1353.0,0,0,0.0,0.0,0.0
244,vxquery,1,https://github.com/apache/VXQuery,https://github.com/apache/VXQuery,TRUE,7/6/2009,7/16/2014,1836.0,0,0,0.0,0.0,0.0
245,webwork2,1,https://github.com/openwebwork/webwork2,https://github.com/openwebwork/webwork2,TRUE,1/15/2006,5/24/2006,129.0,0,0,0.0,0.0,0.0
246,whirr,1,https://github.com/apache/Whirr,https://github.com/apache/Whirr,TRUE,5/11/2010,8/17/2011,463.0,10,0,0.0,0.0,0.02159827213822890
247,wicket,1,https://github.com/apache/Wicket,https://github.com/apache/Wicket,TRUE,8/28/2006,6/20/2007,296.0,0,0,0.0,0.0,0.0
248,wink,1,https://github.com/apache/Wink,https://github.com/apache/Wink,TRUE,5/27/2009,12/19/2012,1302.0,3,0,0.0,0.0,0.002304147465437790
249,woden,1,https://github.com/apache/Woden,https://github.com/wso2/wso2-axis2,TRUE,3/24/2005,12/8/2007,989.0,0,0,0.0,0.0,0.0
250,wookie,1,https://github.com/apache/Wookie,https://github.com/apache/Wookie,TRUE,7/17/2009,11/22/2012,1224.0,0,0,0.0,0.0,0.0
251,xmlbeans,1,https://github.com/apache/XMLBeans,https://github.com/apache/XMLBeans,TRUE,7/30/2003,6/23/2004,329.0,0,0,0.0,0.0,0.0
252,zeppelin,1,https://github.com/apache/Zeppelin,https://github.com/apache/Zeppelin,TRUE,12/23/2014,5/18/2016,512.0,496,0,0.0,0.0,0.96875
253,agila,2,https://github.com/apache/Agila,https://github.com/agilasverige/agilasverige_site,TRUE,9/29/2004,12/5/2006,797.0,0,0,0.0,0.0,0.0
254,alois,2,https://github.com/apache/Alois,https://github.com/logintas/alois,TRUE,9/21/2010,6/30/2011,282.0,1,0,0.0,0.0,0.0035460992907801400
256,ariatosca,2,https://github.com/apache/AriaTosca,https://github.com/apache/incubator-ariatosca,TRUE,8/27/2016,7/1/2018,673.0,35,4,0.1142857142857140,0.005943536404160480,0.05200594353640420
258,axion,2,https://github.com/apache/Axion,https://github.com/apache/ws-axiom,TRUE,12/19/2003,1/23/2006,766.0,0,0,0.0,0.0,0.0
260,blur,2,https://github.com/apache/Blur,https://github.com/apache/incubator-retired-blur,TRUE,7/24/2012,6/22/2017,1794.0,18,0,0.0,0.0,0.010033444816053500
262,composer,2,https://github.com/apache/Composer,https://github.com/apache/openwhisk-composer,TRUE,10/30/2007,5/13/2008,196.0,0,0,0.0,0.0,0.0
263,concerted,2,https://github.com/apache/Concerted,https://github.com/apache/incubator-retired-concerted,TRUE,10/14/2015,4/25/2016,194.0,3,0,0.0,0.0,0.015463917525773200
264,corinthia,2,https://github.com/apache/Corinthia,https://github.com/apache/incubator-retired-corinthia,TRUE,12/8/2014,11/19/2015,346.0,2,0,0.0,0.0,0.005780346820809250
265,cotton,2,https://github.com/apache/Cotton,https://github.com/apache/incubator-retired-cotton,TRUE,6/1/2015,12/1/2015,183.0,7,0,0.0,0.0,0.03825136612021860
267,droids,2,https://github.com/apache/Droids,https://github.com/trickl/trickl-crawler,TRUE,10/9/2008,11/1/2015,2579.0,0,0,0.0,0.0,0.0
268,gearpump,2,https://github.com/apache/Gearpump,https://github.com/gearpump/gearpump,TRUE,3/8/2016,9/19/2018,925.0,116,13,0.1120689655172410,0.014054054054054100,0.1254054054054050
269,gossip,2,https://github.com/apache/Gossip,https://github.com/apache/incubator-retired-gossip,TRUE,4/28/2016,8/21/2018,845.0,58,9,0.1551724137931030,0.010650887573964500,0.06863905325443790
271,hdt,2,https://github.com/apache/incubator-retired-hdt,https://github.com/apache/incubator-retired-hdt,TRUE,11/9/2012,12/2/2014,753.0,3,0,0.0,0.0,0.00398406374501992
274,horn,2,https://github.com/apache/HORN,https://github.com/apache/incubator-retired-horn,TRUE,9/4/2015,7/13/2017,678.0,13,3,0.2307692307692310,0.004424778761061950,0.019174041297935100
275,htrace,2,https://github.com/apache/incubator-retired-htrace,https://github.com/apache/incubator-retired-htrace,TRUE,11/11/2014,4/11/2018,1247.0,38,0,0.0,0.0,0.030473135525260600
277,iota,2,https://github.com/apache/iota,https://github.com/apache/incubator-retired-iota,TRUE,1/20/2016,2/15/2018,757.0,27,4,0.1481481481481480,0.005284015852047560,0.035667107001321
280,kalumet,2,https://github.com/apache/Kalumet,https://github.com/apache/Kalumet,TRUE,9/20/2011,11/1/2015,1503.0,2,0,0.0,0.0,0.0013306719893546200
285,mrql,2,https://github.com/apache/MRQL,https://github.com/apache/incubator-retired-mrql,TRUE,3/13/2013,8/18/2017,1619.0,11,2,0.1818181818181820,0.0012353304508956100,0.0067943174799258800
286,nmaven,2,https://github.com/apache/NMaven,https://github.com/apache/maven,TRUE,11/17/2006,11/13/2008,727.0,0,0,0.0,0.0,0.0
287,npanday,2,https://github.com/apache/NPanday,https://github.com/apache/NPanday,TRUE,8/13/2010,2/8/2015,1640.0,6,0,0.0,0.0,0.003658536585365850
288,odf,2,https://github.com/apache/ODFToolkit,https://github.com/apache/ODFToolkit,TRUE,8/1/2011,11/27/2018,2675.0,18,0,0.0,0.0,0.0067289719626168200
290,openaz,2,https://github.com/apache/OpenAz,https://github.com/apache/incubator-retired-openaz,TRUE,1/20/2015,8/26/2016,584.0,13,0,0.0,0.0,0.02226027397260270
291,photark,2,https://github.com/apache/PhotArk,https://github.com/apache/PhotArk,TRUE,8/19/2008,12/29/2012,1593.0,0,0,0.0,0.0,0.0
292,pirk,2,https://github.com/apache/Pirk,https://github.com/apache/incubator-retired-pirk,TRUE,6/17/2016,4/17/2017,304.0,15,2,0.1333333333333330,0.006578947368421050,0.049342105263157900
293,provisionr,2,https://github.com/apache/Provisionr,https://github.com/apache/incubator-retired-provisionr,TRUE,3/7/2013,11/22/2013,260.0,2,0,0.0,0.0,0.007692307692307690
294,quickstep,2,https://github.com/apache/Quickstep,https://github.com/apache/incubator-retired-quickstep,TRUE,3/29/2016,11/30/2018,976.0,49,13,0.2653061224489800,0.01331967213114750,0.050204918032786900
296,ripple,2,https://github.com/apache/Ripple,https://github.com/apache/incubator-retired-ripple,TRUE,10/16/2012,12/6/2015,1146.0,50,10,0.2,0.008726003490401400,0.04363001745200700
297,s4,2,https://github.com/apache/S4,https://github.com/apache/incubator-retired-s4,TRUE,9/26/2011,6/19/2014,997.0,5,0,0.0,0.0,0.0050150451354062200
298,sirona,2,https://github.com/apache/Sirona,https://github.com/apache/Sirona,TRUE,10/15/2013,7/3/2017,1357.0,39,0,0.0,0.0,0.028739867354458400
299,slider,2,https://github.com/apache/Slider,https://github.com/apache/incubator-retired-slider,TRUE,4/29/2014,5/24/2018,1486.0,59,0,0.0,0.0,0.039703903095558500
302,tashi,2,https://github.com/apache/Tashi,https://github.com/apache/Tashi,TRUE,9/4/2008,10/2/2012,1489.0,1,0,0.0,0.0,0.000671591672263264
306,wave,2,https://github.com/apache/Wave,https://github.com/apache/incubator-retired-wave,TRUE,12/4/2010,1/15/2018,2599.0,31,4,0.1290322580645160,0.0015390534821085000,0.0119276644863409
308,xap,2,https://github.com/apache/XAP,https://github.com/xap/xap,TRUE,5/22/2006,6/26/2009,1131.0,0,0,0.0,0.0,0.0
309,xmlbeans-cxx,2,https://github.com/apache/XMLBeans/C++,https://github.com/apache/xmlbeans,TRUE,6/6/2005,5/16/2007,709.0,0,0,0.0,0.0,0.0
310,yoko,2,https://github.com/apache/Yoko,https://github.com/apache/geronimo-yoko,TRUE,1/31/2006,12/17/2007,685.0,0,0,0.0,0.0,0.0
311,zeta,2,https://github.com/apache/ZetaComponents,https://github.com/apache/ZetaComponents,TRUE,5/21/2010,4/20/2012,700.0,6,0,0.0,0.0,0.008571428571428570
312,zipkin,2,https://github.com/apache/Zipkin,https://github.com/apache/Zipkin,TRUE,8/29/2018,6/19/2019,294.0,1753,87,0.0496292070735881,0.29591836734693900,5.962585034013610